Wall time,Step,Value
1574295611.2932,1,87.23999786376953
1574295626.452266,2,93.0999984741211
1574295641.726099,3,94.66000366210938
1574295656.934723,4,95.55999755859375
1574295672.309312,5,95.91000366210938
1574295687.416917,6,96.16999816894531
1574295702.756139,7,96.27999877929688
1574295718.116925,8,96.36000061035156
1574295733.487271,9,96.44000244140625
1574295749.157071,10,96.55999755859375
1574295764.286595,11,96.4800033569336
1574295779.441737,12,96.52999877929688
1574295794.632911,13,96.55000305175781
1574295809.744696,14,96.55000305175781
1574295824.922443,15,96.55000305175781
1574295840.163051,16,96.5999984741211
1574295855.380806,17,96.58000183105469
1574295870.783159,18,96.58999633789062
1574295886.279107,19,96.5999984741211
1574295901.777642,20,96.58999633789062
1574295917.388482,21,96.56999969482422
1574295932.726344,22,96.58000183105469
1574295947.97997,23,96.5999984741211
1574295963.261034,24,96.61000061035156
1574295978.701855,25,96.56999969482422
1574295994.169986,26,96.55000305175781
1574296009.308406,27,96.5999984741211
1574296024.625464,28,96.55999755859375
1574296040.181407,29,96.58000183105469
1574296055.880987,30,96.58999633789062
