Wall time,Step,Value
1574317466.663683,1,91.18000030517578
1574317481.735971,2,95.11000061035156
1574317496.245227,3,96.13999938964844
1574317510.423252,4,96.56999969482422
1574317524.639155,5,96.77999877929688
1574317538.729436,6,96.93000030517578
1574317552.573544,7,96.9800033569336
1574317566.586709,8,97.05999755859375
1574317580.696962,9,97.1500015258789
1574317595.129112,10,97.19999694824219
