Wall time,Step,Value
1574290979.585294,1,93.04000091552734
1574291003.869741,2,95.87000274658203
1574291028.165941,3,96.7699966430664
1574291052.575877,4,97.16000366210938
