Wall time,Step,Value
1574318814.904541,1,94.12000274658203
1574318830.852227,2,96.22000122070312
1574318847.003161,3,96.97000122070312
1574318863.054825,4,97.2699966430664
1574318879.089804,5,97.44999694824219
1574318895.097361,6,97.5
1574318910.921793,7,97.66999816894531
1574318926.811876,8,97.73999786376953
1574318942.577394,9,97.73999786376953
1574318958.195809,10,97.7699966430664
