Wall time,Step,Value
1574327145.933929,1,88.63999938964844
1574327181.011086,2,93.8499984741211
1574327215.954727,3,95.16000366210938
1574327250.992268,4,95.97000122070312
1574327285.942293,5,96.37000274658203
1574327320.858389,6,96.52999877929688
1574327355.802044,7,96.58999633789062
1574327390.685672,8,96.63999938964844
1574327425.63929,9,96.68000030517578
1574327460.356665,10,96.73999786376953
1574327495.02528,11,96.72000122070312
1574327529.624477,12,96.76000213623047
1574327564.261162,13,96.77999877929688
1574327598.86025,14,96.77999877929688
1574327633.482574,15,96.7699966430664
1574327668.145206,16,96.73999786376953
1574327702.703526,17,96.80000305175781
1574327737.551723,18,96.80000305175781
1574327772.129491,19,96.80999755859375
1574327806.681146,20,96.7699966430664
1574327841.251729,21,96.80999755859375
1574327875.806152,22,96.80999755859375
1574327910.574048,23,96.83000183105469
1574327945.096699,24,96.81999969482422
1574327979.667986,25,96.79000091552734
1574328014.178795,26,96.80000305175781
1574328048.759672,27,96.80999755859375
1574328083.296308,28,96.81999969482422
1574328117.770605,29,96.83000183105469
1574328152.322526,30,96.79000091552734
