Wall time,Step,Value
1574332695.996725,1,88.55999755859375
1574332715.437701,2,93.80999755859375
1574332734.786582,3,95.23999786376953
1574332754.079726,4,95.87999725341797
1574332773.423992,5,96.19000244140625
1574332792.786138,6,96.37000274658203
1574332812.21399,7,96.48999786376953
1574332831.564592,8,96.52999877929688
1574332850.959079,9,96.62999725341797
1574332870.229801,10,96.68000030517578
1574332889.591353,11,96.66999816894531
1574332908.892179,12,96.66000366210938
