Wall time,Step,Value
1574331704.945005,1,90.62000274658203
1574331718.084768,2,94.62000274658203
1574331731.283753,3,95.77999877929688
1574331744.56907,4,96.08000183105469
1574331757.919197,5,96.45999908447266
1574331771.156078,6,96.69000244140625
1574331784.337182,7,96.86000061035156
1574331797.755419,8,96.91999816894531
1574331811.357074,9,96.97000122070312
1574331824.893448,10,96.9800033569336
1574331838.142453,11,96.98999786376953
1574331851.38283,12,97.0
1574331864.631077,13,97.04000091552734
1574331877.816475,14,97.02999877929688
1574331890.802905,15,97.0199966430664
1574331903.904806,16,97.04000091552734
1574331917.21475,17,97.04000091552734
1574331930.363175,18,97.04000091552734
1574331943.593819,19,97.02999877929688
1574331956.769712,20,97.05000305175781
1574331969.965353,21,97.05000305175781
1574331983.108369,22,97.05999755859375
1574331996.675551,23,97.05000305175781
1574332010.156896,24,97.05000305175781
1574332023.296828,25,97.02999877929688
1574332036.387888,26,97.02999877929688
1574332049.662904,27,97.02999877929688
1574332062.941834,28,97.02999877929688
1574332076.350893,29,97.05999755859375
1574332089.622166,30,97.02999877929688
