Wall time,Step,Value
1574330545.383649,1,88.0999984741211
1574330584.774026,2,93.30000305175781
1574330623.993617,3,94.7300033569336
1574330663.212787,4,95.69000244140625
1574330702.436039,5,96.05999755859375
1574330741.818556,6,96.33999633789062
1574330781.046816,7,96.37999725341797
1574330820.334528,8,96.4800033569336
1574330860.086029,9,96.52999877929688
1574330899.373586,10,96.5999984741211
1574330938.766981,11,96.55999755859375
1574330978.175138,12,96.62000274658203
1574331017.493612,13,96.55999755859375
1574331056.9066,14,96.58000183105469
1574331096.248577,15,96.61000061035156
1574331135.806962,16,96.62000274658203
1574331175.131637,17,96.58999633789062
1574331214.456996,18,96.5999984741211
1574331253.715751,19,96.62000274658203
1574331293.036594,20,96.5999984741211
1574331332.472449,21,96.61000061035156
1574331371.819733,22,96.58000183105469
1574331411.150153,23,96.62000274658203
1574331450.553153,24,96.56999969482422
1574331489.944772,25,96.58000183105469
1574331529.455974,26,96.58000183105469
1574331568.853668,27,96.56999969482422
1574331608.238967,28,96.5999984741211
1574331647.542146,29,96.5999984741211
1574331686.892805,30,96.58000183105469
