Wall time,Step,Value
1574293945.834973,1,92.4800033569336
1574293989.332377,2,95.47000122070312
1574294032.850975,3,96.41000366210938
1574294076.598059,4,96.93000030517578
1574294120.111482,5,97.0999984741211
1574294163.896313,6,97.30999755859375
1574294207.555389,7,97.33000183105469
1574294251.3656,8,97.38999938964844
1574294295.086253,9,97.4000015258789
1574294338.750201,10,97.44000244140625
1574294382.469078,11,97.48999786376953
1574294426.334378,12,97.45999908447266
1574294470.115478,13,97.47000122070312
1574294513.896687,14,97.48999786376953
1574294557.791175,15,97.48999786376953
1574294601.491302,16,97.5
1574294645.277673,17,97.48999786376953
1574294688.966273,18,97.48999786376953
1574294732.864823,19,97.51000213623047
1574294776.609454,20,97.5
1574294820.363516,21,97.51000213623047
1574294864.063825,22,97.48999786376953
1574294907.811213,23,97.5
1574294951.729848,24,97.47000122070312
1574294995.412315,25,97.5199966430664
1574295039.214064,26,97.5
1574295082.914436,27,97.48999786376953
1574295126.92041,28,97.44999694824219
1574295170.613268,29,97.4800033569336
1574295214.453551,30,97.4800033569336
