Wall time,Step,Value
1574318598.796157,1,93.68000030517578
1574318615.112525,2,96.05000305175781
1574318631.28243,3,96.6500015258789
1574318647.505905,4,96.91000366210938
1574318663.738394,5,97.13999938964844
1574318679.753895,6,97.12000274658203
1574318695.758827,7,97.27999877929688
1574318711.699771,8,97.19999694824219
1574318727.717378,9,97.23999786376953
1574318743.640338,10,97.27999877929688
